<?xml version="1.0" encoding="UTF-8"?>
<faces-config
    xmlns="http://xmlns.jcp.org/xml/ns/javaee"
    xmlns:xsi="http://www.w3.org/2001/XMLSchema-instance"
    xsi:schemaLocation="http://xmlns.jcp.org/xml/ns/javaee http://xmlns.jcp.org/xml/ns/javaee/web-facesconfig_2_2.xsd"
    version="2.2">
	<converter>
		<display-name>Converters.nameConverter</display-name>
		<converter-id>Converters.nameConverter</converter-id>
		<converter-class>Converters.nameConverter</converter-class>
	</converter>
	<converter>
	</converter>
	<managed-bean>
		<managed-bean-name>produitM</managed-bean-name>
		<managed-bean-class>managedBeans.ProduitManagedBean</managed-bean-class>
		<managed-bean-scope>session</managed-bean-scope>
	</managed-bean>
	<managed-bean>
		<managed-bean-name>userMB</managed-bean-name>
		<managed-bean-class>managedBeans.UserManagedBean</managed-bean-class>
		<managed-bean-scope>session</managed-bean-scope>
	</managed-bean>
	<validator>
		<display-name>validate</display-name>
		<validator-id>validators.codeValidator</validator-id>
		<validator-class>validators.codeValidator</validator-class>
	</validator>

</faces-config>
